LConn,LLen,LFrac,LAC,LSin,LBear,HMf,HMb,MHDWp100,NQPDHWp100,BtHWp100,TPBtHWp100,TPDWp100,Lnk100,Len100,AngD100,WtWp100,Jnc100,Con100,MGLHWp100,MCFWp100,DivHWp100,HullA100,HullP100,HullR100,HullB100,HullSI100,MHDWp200,NQPDHWp200,BtHWp200,TPBtHWp200,TPDWp200,Lnk200,Len200,AngD200,WtWp200,Jnc200,Con200,MGLHWp200,MCFWp200,DivHWp200,HullA200,HullP200,HullR200,HullB200,HullSI200,MHDWp300,NQPDHWp300,BtHWp300,TPBtHWp300,TPDWp300,Lnk300,Len300,AngD300,WtWp300,Jnc300,Con300,MGLHWp300,MCFWp300,DivHWp300,HullA300,HullP300,HullR300,HullB300,HullSI300,MHDWp400,NQPDHWp400,BtHWp400,TPBtHWp400,TPDWp400,Lnk400,Len400,AngD400,WtWp400,Jnc400,Con400,MGLHWp400,MCFWp400,DivHWp400,HullA400,HullP400,HullR400,HullB400,HullSI400,MHDWp500,NQPDHWp500,BtHWp500,TPBtHWp500,TPDWp500,Lnk500,Len500,AngD500,WtWp500,Jnc500,Con500,MGLHWp500,MCFWp500,DivHWp500,HullA500,HullP500,HullR500,HullB500,HullSI500,MHDWp600,NQPDHWp600,BtHWp600,TPBtHWp600,TPDWp600,Lnk600,Len600,AngD600,WtWp600,Jnc600,Con600,MGLHWp600,MCFWp600,DivHWp600,HullA600,HullP600,HullR600,HullB600,HullSI600,MHDWp700,NQPDHWp700,BtHWp700,TPBtHWp700,TPDWp700,Lnk700,Len700,AngD700,WtWp700,Jnc700,Con700,MGLHWp700,MCFWp700,DivHWp700,HullA700,HullP700,HullR700,HullB700,HullSI700,MHDWp800,NQPDHWp800,BtHWp800,TPBtHWp800,TPDWp800,Lnk800,Len800,AngD800,WtWp800,Jnc800,Con800,MGLHWp800,MCFWp800,DivHWp800,HullA800,HullP800,HullR800,HullB800,HullSI800,MHDWp900,NQPDHWp900,BtHWp900,TPBtHWp900,TPDWp900,Lnk900,Len900,AngD900,WtWp900,Jnc900,Con900,MGLHWp900,MCFWp900,DivHWp900,HullA900,HullP900,HullR900,HullB900,HullSI900,MHDWp1000,NQPDHWp1000,BtHWp1000,TPBtHWp1000,TPDWp1000,Lnk1000,Len1000,AngD1000,WtWp1000,Jnc1000,Con1000,MGLHWp1000,MCFWp1000,DivHWp1000,HullA1000,HullP1000,HullR1000,HullB1000,HullSI1000,MHDWpn,NQPDHWpn,BtHWpn,TPBtHWpn,TPDWpn,Lnkn,Lenn,AngDn,WtWpn,Jncn,Conn,MGLHWpn,MCFWpn,DivHWpn,HullAn,HullPn,HullRn,HullBn,HullSIn,Weekday
2,21.840332,1,12.9366484,1.0062875,230.8065643,17.0258312,17.305191,6.6308765,87.5281754,470.263855,0.9094942,1.4741793,3,34.308609,12.9366484,517.0608521,2,7,10.0846415,9.9994383,1.0084527,124.1471863,57.5545654,25.9281006,225.5395355,2.1233072,6.6308765,87.5281754,470.263855,0.9094942,1.4741793,3,34.308609,12.9366484,517.0608521,2,7,10.0846415,9.9994383,1.0084527,124.1471863,57.5545654,25.9281006,225.5395355,2.1233072,6.6308765,87.5281754,470.263855,0.9094942,1.4741793,3,34.308609,12.9366484,517.0608521,2,7,10.0846415,9.9994383,1.0084527,124.1471863,57.5545654,25.9281006,225.5395355,2.1233072,6.6308765,87.5281754,470.263855,0.9094942,1.4741793,3,34.308609,12.9366484,517.0608521,2,7,10.0846415,9.9994383,1.0084527,124.1471863,57.5545654,25.9281006,225.5395355,2.1233072,6.6308765,87.5281754,470.263855,0.9094942,1.4741793,3,34.308609,12.9366484,517.0608521,2,7,10.0846415,9.9994383,1.0084527,124.1471863,57.5545654,25.9281006,225.5395355,2.1233072,6.6308765,87.5281754,470.263855,0.9094942,1.4741793,3,34.308609,12.9366484,517.0608521,2,7,10.0846415,9.9994383,1.0084527,124.1471863,57.5545654,25.9281006,225.5395355,2.1233072,6.6308765,87.5281754,470.263855,0.9094942,1.4741793,3,34.308609,12.9366484,517.0608521,2,7,10.0846415,9.9994383,1.0084527,124.1471863,57.5545654,25.9281006,225.5395355,2.1233072,6.6308765,87.5281754,470.263855,0.9094942,1.4741793,3,34.308609,12.9366484,517.0608521,2,7,10.0846415,9.9994383,1.0084527,124.1471863,57.5545654,25.9281006,225.5395355,2.1233072,6.6308765,87.5281754,470.263855,0.9094942,1.4741793,3,34.308609,12.9366484,517.0608521,2,7,10.0846415,9.9994383,1.0084527,124.1471863,57.5545654,25.9281006,225.5395355,2.1233072,6.6308765,87.5281754,470.263855,0.9094942,1.4741793,3,34.308609,12.9366484,517.0608521,2,7,10.0846415,9.9994383,1.0084527,124.1471863,57.5545654,25.9281006,225.5395355,2.1233072,6.6308765,87.5281754,470.263855,0.9094942,1.4741793,3,34.308609,12.9366484,517.0608521,2,7,10.0846415,9.9994383,1.0084527,124.1471863,57.5545654,25.9281006,225.5395355,2.1233072,954
2,8.9005947,1,0,1,134.5047455,4.4203072,4.4502974,49.5334167,16.1394234,265.9476013,0.5143449,0.0516415,3,34.308609,12.9366484,517.0608521,2,7,10.6674223,8.1801224,1.2967908,124.1471863,57.5545654,31.0107307,39.0255127,2.1233072,49.5334167,16.1394234,265.9476013,0.5143449,0.0516415,3,34.308609,12.9366484,517.0608521,2,7,10.6674223,8.1801224,1.2967908,124.1471863,57.5545654,31.0107307,39.0255127,2.1233072,49.5334167,16.1394234,265.9476013,0.5143449,0.0516415,3,34.308609,12.9366484,517.0608521,2,7,10.6674223,8.1801224,1.2967908,124.1471863,57.5545654,31.0107307,39.0255127,2.1233072,49.5334167,16.1394234,265.9476013,0.5143449,0.0516415,3,34.308609,12.9366484,517.0608521,2,7,10.6674223,8.1801224,1.2967908,124.1471863,57.5545654,31.0107307,39.0255127,2.1233072,49.5334167,16.1394234,265.9476013,0.5143449,0.0516415,3,34.308609,12.9366484,517.0608521,2,7,10.6674223,8.1801224,1.2967908,124.1471863,57.5545654,31.0107307,39.0255127,2.1233072,49.5334167,16.1394234,265.9476013,0.5143449,0.0516415,3,34.308609,12.9366484,517.0608521,2,7,10.6674223,8.1801224,1.2967908,124.1471863,57.5545654,31.0107307,39.0255127,2.1233072,49.5334167,16.1394234,265.9476013,0.5143449,0.0516415,3,34.308609,12.9366484,517.0608521,2,7,10.6674223,8.1801224,1.2967908,124.1471863,57.5545654,31.0107307,39.0255127,2.1233072,49.5334167,16.1394234,265.9476013,0.5143449,0.0516415,3,34.308609,12.9366484,517.0608521,2,7,10.6674223,8.1801224,1.2967908,124.1471863,57.5545654,31.0107307,39.0255127,2.1233072,49.5334167,16.1394234,265.9476013,0.5143449,0.0516415,3,34.308609,12.9366484,517.0608521,2,7,10.6674223,8.1801224,1.2967908,124.1471863,57.5545654,31.0107307,39.0255127,2.1233072,49.5334167,16.1394234,265.9476013,0.5143449,0.0516415,3,34.308609,12.9366484,517.0608521,2,7,10.6674223,8.1801224,1.2967908,124.1471863,57.5545654,31.0107307,39.0255127,2.1233072,49.5334167,16.1394234,265.9476013,0.5143449,0.0516415,3,34.308609,12.9366484,517.0608521,2,7,10.6674223,8.1801224,1.2967908,124.1471863,57.5545654,31.0107307,39.0255127,2.1233072,209
5,62.3917274,1,88.2681274,1.1726184,124.2984543,75.3299255,75.3299255,58.413044,890.1315918,66304.875,1.9396498,3.5258584,7,320.4466858,193.6618805,35382.65234,5,17,58.0976639,47.2448463,1.2262633,6166.479004,422.4025574,124.3368225,1.9773446,2.3025336,104.3274918,1113.156494,230027.3438,3.9395475,6.3335156,23,748.3183594,384.6181335,68631.85156,14,44,94.3844604,73.1876373,1.2900475,22877.67773,637.8777466,145.5669556,3.9048769,1.415315,147.4830627,1240.907471,570989.8125,6.2198472,8.6557102,49,1667.57019,1331.633911,99288.98438,31,97,122.0507126,87.9540634,1.4684545,50306.55859,946.8966064,220.4868317,158.825119,1.4183083,219.831192,1449.559082,995983.875,9.2835436,14.3824339,87,2879.609131,3682.396484,166900.3906,54,170,164.526123,108.856987,1.6215512,67647.57813,1066.484863,262.6166687,154.9322357,1.3379728,229.4670868,1466.341797,1381264.875,10.1583834,15.7843313,115,4012.588379,4991.070313,174339.875,71,225,170.8162994,111.3310394,1.6371783,89261.78906,1223.706055,271.1721191,164.6291046,1.3349923,233.4391022,1470.179077,1625541.5,10.8427258,17.1133614,141,6087.90918,6564.512207,176475.0313,88,279,174.5982513,112.891304,1.6491696,246369.4688,1993.827637,409.2570496,131.8348694,1.2840397,241.0256653,1474.961182,1958475.75,11.8570805,19.1197033,179,9255.790039,8255.630859,179642.9219,111,349,183.0742035,116.9120255,1.6643177,585905.75,2979.626953,742.0804443,82.523407,1.2058302,247.3923798,1477.930298,2336760.75,11.4233398,18.2269001,220,11499.67676,9300.219727,181886.8125,134,421,189.4281311,120.0896835,1.6685911,750375.3125,3327.753418,742.0804443,82.523407,1.1743941,283.2244873,1491.185669,2874166.25,10.6337194,16.6389465,279,14611.31934,10990.69727,193237.9844,173,547,226.8740692,143.127533,1.6735654,942381.625,3786.852295,767.1619263,302.9700623,1.2109329,373.4337463,1521.638428,3745634.75,10.0043259,15.3511972,379,18707.78711,13224.6416,222638.7188,227,727,317.3584595,202.4747162,1.6569409,1124865.5,4084.84082,908.2403564,300.7160034,1.1804289,1807.441284,6817.219238,47208264,4.9972911,4.9620028,2732,108571.0547,108961.125,9446771,1462,4712,1779.715088,910.1072388,1.949663,5539375,8738.858398,1710.689453,347.5287781,1.0970812,238
2,23.2682915,0.9999999,5.0502248,1.0009087,281.3749695,13.1299582,14.1592579,18.3741169,5799.526856,53382.67969,0.959862,1.4488474,4,90.4160843,83.5634537,51871.98828,4,13,22.3231087,21.9528885,1.0246164,659.569519,146.0037384,60.8832436,117.9953842,2.5719204,62.2418365,6007.979981,191217.125,2.0325565,3.4059777,16,485.8745117,323.6020813,80520.71094,13,41,30.5829239,22.8948612,1.4071277,8552.165039,428.1015015,166.5898438,162.6866608,1.7053266,169.8070984,6377.353027,763894.4375,3.4015875,5.9590869,69,1674.951782,809.2105713,176039.6719,56,176,81.8230515,50.1024742,1.6876482,52344.78125,982.9996338,271.9299622,168.9932861,1.4690056,280.3520203,7274.203613,2090484,5.6424122,10.3417053,182,4352.134277,3791.61084,482527.1563,124,397,147.2437439,92.6427002,1.8677931,145331.5,1493.848511,386.3503113,176.4154663,1.2219219,341.9624329,7883.125488,3822507.5,6.9988708,13.0340519,336,7298.342285,5645.285156,755897.3125,221,710,200.0688019,118.5954971,1.9171629,197212.875,1748.573608,407.684906,172.4336548,1.2337373,395.2313843,8348.132813,5196032,6.8784909,12.7840986,459,11318.12207,9333.111328,1012159.813,284,917,256.2472534,147.9763489,1.9120331,285025.3125,2081.119629,452.8701172,152.3758545,1.2092074,457.1008911,8835.405273,6384271,6.1700625,11.3607597,556,15483.1416,13198.73633,1330136.125,334,1076,327.4897766,187.2309418,1.8853678,427676.5625,2551.234863,529.2033691,178.9429474,1.2110877,497.9264526,9139.271484,7268475,5.3047318,9.6271181,631,20072.46094,18130.15039,1554667.5,368,1189,367.098938,208.8674774,1.8732065,672081.25,3141.114746,655.8550415,185.5073547,1.1682504,527.1634521,9300.587891,8212365.5,4.6919551,8.4001245,719,23437.35938,20776.92578,1692723.375,427,1377,388.7835693,221.3874817,1.8646929,797078.125,3410.154541,721.77771,189.7922058,1.1610137,597.1386108,9645.926758,9807952,4.5038562,8.0212831,858,28892.17773,24939.41406,2022579.25,512,1649,440.8905029,252.4230194,1.8435746,1121443.25,4024.203613,778.0977783,303.5514221,1.1491394,1549.837402,14096.52832,32828790,3.4751337,5.9531727,2732,108571.0547,108961.125,9446771,1462,4712,1494.414307,871.0735474,1.7892677,5539375,8738.858398,2486.703613,175.9677124,1.0970812,239
2,210.4871826,0.9999999,422.9942627,1.110798,243.3879547,314.3478088,309.240509,79.6757278,129.7784424,5449.217285,0.4987322,0.0525109,3,241.132431,422.9942627,10196.81055,3,10,118.4852982,116.5873642,1.0178179,2278.973633,435.9555054,139.3441925,73.5848846,6.6364398,154.1855621,914.5021362,68548.28906,0.5085521,0.0213505,12,623.5412598,708.746582,132185.2188,7,24,163.4431458,137.9900055,1.1919832,14621.42676,599.7930908,186.9971008,55.2339134,1.9579576,204.9575958,1901.068848,186043.9219,0.5116503,0.0248525,26,1345.526856,1625.338867,361703.8125,16,55,208.5439606,149.4998779,1.4052119,43916.75,830.1276855,250.5125122,85.1215515,1.2486759,253.0842896,2331.100098,271159.2813,0.5189769,0.0390373,55,2294.46167,2258.998047,518042.4063,33,110,234.7361603,159.0376282,1.4822421,79408.75781,1102.324341,280.0855103,75.9369507,1.2177007,293.5348816,2617.30542,346693.9063,0.5261475,0.0531616,107,3792.066406,3692.980957,647641.875,73,240,267.225647,165.6766815,1.6004348,134110.4219,1397.411865,322.1784973,94.7615433,1.1587145,376.3104553,3142.489502,523792.2188,0.5507742,0.102145,238,6936.158203,5924.445801,940797.25,162,519,337.7431946,199.2351532,1.676097,222714.5156,1793.185303,386.202179,131.5541229,1.1489257,462.5789185,3805.765137,778850.9375,0.5732771,0.1469633,421,11498.16406,9866.429688,1371771.5,270,869,409.0963745,223.2513123,1.8304604,376888.2188,2367.578125,517.56073,17.9778805,1.1835489,495.5776978,4060.498291,902057.875,0.580606,0.1615719,576,17188.58594,15496.67578,1559248.875,349,1131,428.414978,234.2937469,1.8343239,585724.5625,2876.505615,555.7732544,336.2741089,1.1241574,532.2737427,4273.114258,1017532.438,0.5823537,0.16503,697,22439.61133,20012.67969,1739681.125,413,1338,447.0179443,243.7102966,1.8434633,710590.875,3161.907715,600.0693359,306.9023132,1.1196154,610.0281982,4686.680176,1239306,0.5795682,0.1593995,813,28479.93555,25453.97852,2133553.25,477,1539,492.2383118,259.0943909,1.9009864,1068642.25,3877.98877,778.9110718,14.8311434,1.1198784,1531.930298,9070.5625,5298156,0.5608431,0.1217455,2732,108571.0547,108961.125,9446771,1462,4712,1487.347046,783.451355,2.0151606,5539375,8738.858398,2468.298584,171.7272644,1.0970812,33
5,36.6048737,1,92.5591431,1.0881464,315.4125977,64.0257111,64.5820084,63.7253609,1341.69165,79555.21094,3.1151841,5.4501033,10,345.0533447,207.1556244,65523.97266,7,24,51.5025787,48.6028671,1.0700117,7035.448242,452.6424255,108.9172058,118.4573975,2.3174422,136.4689026,2009.949463,828001,12.3725157,8.6947155,43,1128.172607,600.9974976,182256.3438,31,106,86.218071,64.5491791,1.3437032,53080.69922,983.7565308,254.7740479,302.2137756,1.4508709,211.8456879,3026.552246,3448977.25,26.9277515,13.4348249,103,3686.336426,2366.697266,447531.9688,65,216,126.4173431,69.1134567,2.0200031,136263.2813,1593.925903,351.1446533,121.0957108,1.4837049,262.6358337,3645.651367,10282556,47.0786896,18.2613564,169,6565.269043,4956.797363,670990.125,99,325,164.5982819,99.2861481,2.0241108,299283.8438,2156.093506,445.2453613,128.0341492,1.2360671,330.065094,4491.100586,23152858,63.5179367,13.5484476,253,10614.62891,8779.785156,1049045.125,154,506,196.8694305,118.9717331,2.0689969,442090.7188,2573.334473,522.9857788,126.5770798,1.1919862,410.4571838,5594.580078,44516640,73.5960617,11.2873011,407,15036.09473,12978.9209,1654130.375,244,796,268.7903748,168.3529358,2.2851923,621714.75,2951.291016,592.4915771,133.2197418,1.114867,447.6289673,6093.601074,75869632,77.975174,6.868783,547,19406.44727,15686.4082,1973180.625,322,1049,290.4555359,178.0774994,2.4274569,750427.375,3273.414551,664.9708862,133.3843231,1.1362751,492.7565613,6580.509766,111195896,82.722702,6.6066408,721,24831.29102,19691.44727,2333089.5,415,1354,336.3148804,212.0886993,2.4876232,1084657.375,3847.430176,777.6234741,204.692215,1.0860231,509.6610107,6720.472168,156734352,92.0267258,5.9358907,846,29084.27344,23971.70117,2451097.5,476,1551,351.8266602,222.9424286,2.4933028,1134915.25,3933.096191,828.8637695,203.9001923,1.0846655,537.696167,6890.458008,217638432,106.8401413,5.1535459,934,32112.60742,27424.13086,2614037.25,523,1700,389.5704651,248.7013397,2.4316254,1297743,4301.499023,985.6333008,107.4306107,1.1345956,1377.437988,11183.76172,2726183936,288.5837097,3.1229012,2732,108571.0547,108961.125,9446771,1462,4712,1399.717529,956.456543,1.7533661,5539375,8738.858398,2765.17627,170.4949188,1.0970812,535
2,35.1138763,1,20.3159676,1.0091323,29.6840324,27.4410725,27.7132225,31.3432808,4.0935245,38.915062,0.6465224,1.1533489,2,54.4208679,140.5480194,54.4208679,2,6,17.2056522,14.9999418,1.106779,281.1176147,89.5185242,46.3023415,65.4230881,2.2684433,48.0739746,4.2269254,63.8142471,0.923434,1.5243624,3,69.1053619,302.5578613,69.1053619,2,6,18.8404846,15.5747423,1.1704341,338.2678528,93.3803482,46.3023415,65.4230881,2.051353,48.0739746,4.2269254,63.8142471,0.923434,1.5243624,3,69.1053619,302.5578613,69.1053619,2,6,18.8404846,15.5747423,1.1704341,338.2678528,93.3803482,46.3023415,65.4230881,2.051353,48.0739746,4.2269254,63.8142471,0.923434,1.5243624,3,69.1053619,302.5578613,69.1053619,2,6,18.8404846,15.5747423,1.1704341,338.2678528,93.3803482,46.3023415,65.4230881,2.051353,48.0739746,4.2269254,63.8142471,0.923434,1.5243624,3,69.1053619,302.5578613,69.1053619,2,6,18.8404846,15.5747423,1.1704341,338.2678528,93.3803482,46.3023415,65.4230881,2.051353,48.0739746,4.2269254,63.8142471,0.923434,1.5243624,3,69.1053619,302.5578613,69.1053619,2,6,18.8404846,15.5747423,1.1704341,338.2678528,93.3803482,46.3023415,65.4230881,2.051353,48.0739746,4.2269254,63.8142471,0.923434,1.5243624,3,69.1053619,302.5578613,69.1053619,2,6,18.8404846,15.5747423,1.1704341,338.2678528,93.3803482,46.3023415,65.4230881,2.051353,48.0739746,4.2269254,63.8142471,0.923434,1.5243624,3,69.1053619,302.5578613,69.1053619,2,6,18.8404846,15.5747423,1.1704341,338.2678528,93.3803482,46.3023415,65.4230881,2.051353,48.0739746,4.2269254,63.8142471,0.923434,1.5243624,3,69.1053619,302.5578613,69.1053619,2,6,18.8404846,15.5747423,1.1704341,338.2678528,93.3803482,46.3023415,65.4230881,2.051353,48.0739746,4.2269254,63.8142471,0.923434,1.5243624,3,69.1053619,302.5578613,69.1053619,2,6,18.8404846,15.5747423,1.1704341,338.2678528,93.3803482,46.3023415,65.4230881,2.051353,48.0739746,4.2269254,63.8142471,0.923434,1.5243624,3,69.1053619,302.5578613,69.1053619,2,6,18.8404846,15.5747423,1.1704341,338.2678528,93.3803482,46.3023415,65.4230881,2.051353,282
2,51.0489349,1,117.6942444,1.1552172,110.8435898,83.497467,84.2859879,29.6303959,55.5969276,1303.408325,0.8219051,1.9314306,2,105.4189529,251.3860474,1585.838013,1,3,18.2400417,15.5430832,1.1626147,1494.627197,162.9797058,59.9247284,359.6765747,1.4142439,41.7242584,57.1316719,2172.415283,1.2120256,2.5632925,3,311.9647827,307.1728821,1792.383911,2,6,30.9801445,24.6226177,1.1859742,8212.658203,493.8331299,186.2391205,163.8723755,2.3630168,41.7242584,57.1316719,2172.415283,1.2120256,2.5632925,3,311.9647827,307.1728821,1792.383911,2,6,30.9801445,24.6226177,1.1859742,8212.658203,493.8331299,186.2391205,163.8723755,2.3630168,41.7242584,57.1316719,2172.415283,1.2120256,2.5632925,3,311.9647827,307.1728821,1792.383911,2,6,30.9801445,24.6226177,1.1859742,8212.658203,493.8331299,186.2391205,163.8723755,2.3630168,41.7242584,57.1316719,2172.415283,1.2120256,2.5632925,3,311.9647827,307.1728821,1792.383911,2,6,30.9801445,24.6226177,1.1859742,8212.658203,493.8331299,186.2391205,163.8723755,2.3630168,41.7242584,57.1316719,2172.415283,1.2120256,2.5632925,3,311.9647827,307.1728821,1792.383911,2,6,30.9801445,24.6226177,1.1859742,8212.658203,493.8331299,186.2391205,163.8723755,2.3630168,41.7242584,57.1316719,2172.415283,1.2120256,2.5632925,3,311.9647827,307.1728821,1792.383911,2,6,30.9801445,24.6226177,1.1859742,8212.658203,493.8331299,186.2391205,163.8723755,2.3630168,41.7242584,57.1316719,2172.415283,1.2120256,2.5632925,3,311.9647827,307.1728821,1792.383911,2,6,30.9801445,24.6226177,1.1859742,8212.658203,493.8331299,186.2391205,163.8723755,2.3630168,41.7242584,57.1316719,2172.415283,1.2120256,2.5632925,3,311.9647827,307.1728821,1792.383911,2,6,30.9801445,24.6226177,1.1859742,8212.658203,493.8331299,186.2391205,163.8723755,2.3630168,41.7242584,57.1316719,2172.415283,1.2120256,2.5632925,3,311.9647827,307.1728821,1792.383911,2,6,30.9801445,24.6226177,1.1859742,8212.658203,493.8331299,186.2391205,163.8723755,2.3630168,41.7242584,57.1316719,2172.415283,1.2120256,2.5632925,3,311.9647827,307.1728821,1792.383911,2,6,30.9801445,24.6226177,1.1859742,8212.658203,493.8331299,186.2391205,163.8723755,2.3630168,168
2,54.370018,1,133.691803,1.0728565,208.8148041,92.3548431,94.0309143,76.5095749,21.3445835,811.0423584,0.5114282,0.0685694,2,105.4189529,251.3860474,1585.838013,2,6,51.5237007,37.7075462,1.3607607,1494.627197,162.9797058,63.5470581,139.4890137,1.4142439,87.4352188,22.55019,941.5002441,0.5252783,0.0910017,3,311.9647827,307.1728821,1792.383911,2,6,60.6197052,48.032238,1.3220431,8212.658203,493.8331299,223.0989075,161.3988953,2.3630168,87.4352188,22.55019,941.5002441,0.5252783,0.0910017,3,311.9647827,307.1728821,1792.383911,2,6,60.6197052,48.032238,1.3220431,8212.658203,493.8331299,223.0989075,161.3988953,2.3630168,87.4352188,22.55019,941.5002441,0.5252783,0.0910017,3,311.9647827,307.1728821,1792.383911,2,6,60.6197052,48.032238,1.3220431,8212.658203,493.8331299,223.0989075,161.3988953,2.3630168,87.4352188,22.55019,941.5002441,0.5252783,0.0910017,3,311.9647827,307.1728821,1792.383911,2,6,60.6197052,48.032238,1.3220431,8212.658203,493.8331299,223.0989075,161.3988953,2.3630168,87.4352188,22.55019,941.5002441,0.5252783,0.0910017,3,311.9647827,307.1728821,1792.383911,2,6,60.6197052,48.032238,1.3220431,8212.658203,493.8331299,223.0989075,161.3988953,2.3630168,87.4352188,22.55019,941.5002441,0.5252783,0.0910017,3,311.9647827,307.1728821,1792.383911,2,6,60.6197052,48.032238,1.3220431,8212.658203,493.8331299,223.0989075,161.3988953,2.3630168,87.4352188,22.55019,941.5002441,0.5252783,0.0910017,3,311.9647827,307.1728821,1792.383911,2,6,60.6197052,48.032238,1.3220431,8212.658203,493.8331299,223.0989075,161.3988953,2.3630168,87.4352188,22.55019,941.5002441,0.5252783,0.0910017,3,311.9647827,307.1728821,1792.383911,2,6,60.6197052,48.032238,1.3220431,8212.658203,493.8331299,223.0989075,161.3988953,2.3630168,87.4352188,22.55019,941.5002441,0.5252783,0.0910017,3,311.9647827,307.1728821,1792.383911,2,6,60.6197052,48.032238,1.3220431,8212.658203,493.8331299,223.0989075,161.3988953,2.3630168,87.4352188,22.55019,941.5002441,0.5252783,0.0910017,3,311.9647827,307.1728821,1792.383911,2,6,60.6197052,48.032238,1.3220431,8212.658203,493.8331299,223.0989075,161.3988953,2.3630168,252
3,26.2626801,1,143.4346313,1.1316155,265.9927368,82.008606,84.4385529,54.5037308,60.6199913,1610.529663,0.5057814,0.0226756,4,104.381752,234.0355835,3151.025635,3,10,35.6267509,32.5588226,1.0921695,969.1311646,140.9196167,61.3061714,245.8459473,1.6306114,130.7597656,126.5844421,6655.534668,0.50414,0.0109726,13,350.7229004,497.7735596,13004.6709,11,35,71.8344269,60.6325226,1.1929514,8966.550781,430.7231445,140.3144379,225.7918549,1.6464977,233.9155579,320.0767822,31988.69531,0.5052288,0.0110122,34,957.0639038,1648.325928,63145.73828,22,69,148.4114838,113.7458801,1.3075652,19764.88867,571.8203125,183.461853,277.8320923,1.3164819,291.3664856,508.5477295,64908.32031,0.5087488,0.0177705,60,1967.242065,3701.596191,128275.8984,37,118,198.6217804,144.1772766,1.4004316,45089.55078,833.9116211,230.8978424,233.8110962,1.2273099,326.7411499,591.5,83862.25781,0.5088323,0.0178764,90,3012.367676,4652.053711,165395.8906,56,175,209.8576508,151.4508972,1.4037718,68869.3125,1029.444214,280.8919678,190.98909,1.2245317,333.5107117,602.6530762,87310.10938,0.5116091,0.0234226,130,4609.066895,5864.56543,171241.0938,79,247,212.3279877,152.7735443,1.4097084,99186.01563,1229.69104,315.4091187,180.228363,1.2131981,335.4603577,604.2973633,88105.25781,0.511957,0.0241173,150,5674.098633,6674.728027,172306.125,94,296,214.1527405,153.0814819,1.4214916,109865.8438,1277.728027,344.3386536,188.3449097,1.1825085,347.4675293,611.8804932,91046.90625,0.5118283,0.0238536,165,7408.355469,7447.28125,177795.4844,100,314,226.1048126,155.8324585,1.4580177,299363.7188,2087.543457,487.5136108,200.2690582,1.1584092,354.2695618,614.8433838,92488.04688,0.5112133,0.0226208,179,9156.405273,8262.335938,180283.8281,108,341,232.5039825,157.4924774,1.4754236,445929.2813,2494.516846,490.3833618,226.9567261,1.110445,364.9253845,618.3413086,94614.13281,0.5105319,0.0212546,216,12463.11621,9823.833008,183590.5469,134,420,245.1590271,162.323288,1.4908133,798207.4375,3387.548584,658.277832,294.3525085,1.1440511,2051.178955,5262.667969,4759242.5,0.5037957,0.0075951,2732,108571.0547,108961.125,9446771,1462,4712,2012.118897,964.2145996,2.0698383,5539375,8738.858398,1692.228027,324.6228943,1.0970812,17
4,32.9062157,1,265.5021057,2.6476793,114.8485031,149.2041626,143.9100189,53.2685013,0.7140538,29.1938782,0.3769296,0.9575524,2,36.4502792,265.5021057,36.4502792,3,9,11.6742783,5.0189528,2.5249577,72.2663345,36.9314194,34.4942169,156.1643677,1.5019176,184.2246246,24.283432,2424.253906,0.6936808,0.3974112,17,640.7878418,1269.839356,4365.883301,11,33,42.702961,26.8370361,2.0836132,12908.16992,560.7892456,221.024353,201.1309662,1.9387633,260.3635864,98.2676163,20804.59961,2.2341375,0.1645045,34,1110.806885,2109.25415,24682.08789,23,71,73.2779312,44.0958405,1.8531759,21913.33203,627.7050781,221.024353,201.1309662,1.4308463,327.0944214,314.9526062,132441.2969,3.3822074,0.031989,60,1985.968384,3278.125732,99496.50781,40,126,112.0871735,69.8128204,1.9123135,48770.87109,861.6496582,228.3410797,163.4676514,1.2114097,373.6594238,459.1448669,436861.0625,4.4097753,0.0379083,110,3756.043213,5394.886719,163389.6094,67,211,136.9340973,84.7278671,1.8397127,78009.77344,1086.623657,343.098938,147.1182251,1.2044796,381.2945557,474.6396179,710493.25,4.8195758,0.0355835,137,5000.479004,6266.193359,171632.5,84,264,140.5552979,86.6551819,1.8361212,100314.8984,1215.027466,366.4455566,146.1114502,1.1711079,383.9789124,477.1873779,810538.75,4.6549501,0.0349026,159,6676.516602,7172.635254,173308.5469,95,299,144.1555023,88.4822693,1.8782212,180351.8438,1650.262573,485.5375366,144.1272736,1.2016435,395.5533752,484.2964783,816138.0625,4.5355916,0.030203,166,7615.737793,7502.728516,178743.1719,98,308,155.8764648,89.5889664,1.9572234,236120.75,1880.787109,485.5375366,144.1272736,1.192162,399.4525146,486.1655884,817155.0625,4.4749908,0.0289491,180,9189.073242,8273.075195,180316.5,111,349,160.9763336,92.0812683,1.9592814,443252.8438,2495.375977,505.6621399,188.755661,1.1179197,410.2559509,489.8670654,819472.0625,4.3968296,0.0285315,212,12737.18359,10090.45703,183864.6094,129,404,175.2684479,98.5074081,1.9694005,810642.25,3392.787598,717.2006226,92.686203,1.1299891,2058.738037,5114.595215,5492370.5,0.5814019,0.0095165,2732,108571.0547,108961.125,9446771,1462,4712,2053.856201,886.59729,2.3187373,5539375,8738.858398,1666.530396,199.5148468,1.0970812,435
6,214.9317627,1,586.6074829,2.5943558,338.8384705,394.4065857,394.8685303,131.1361084,522.84021,22854.4082,0.3333333,1,1,214.9317627,586.6074219,68563.22656,0,0,71.6439209,27.615303,2.5943558,2751.398193,222.755188,53.3623619,348.4979858,1.4351337,131.1361084,522.84021,22854.4082,0.3333333,1,1,214.9317627,586.6074219,68563.22656,1,3,71.6439209,27.615303,2.5943558,2751.398193,222.755188,53.3623619,348.4979858,1.4351337,181.7076569,691.8922729,353228.7188,1.054325,1.9231132,10,473.8257141,646.8584595,112242.7969,8,31,112.1037979,56.0442696,2.2899857,13274.83594,548.097168,161.7221832,139.476181,1.800844,269.8261108,1041.906372,1374121.25,2.2757099,3.9416642,37,1680.46167,1340.911011,234257.4375,29,98,166.1608887,93.3584595,2.0046957,56478.42188,960.4898682,199.1693268,137.9648132,1.2998497,384.0110168,1934.899414,3940184.5,4.6563287,8.4565048,107,4682.736816,4173.07959,635521.375,71,233,243.0437012,129.3286285,2.0225904,207448.0156,1731.558838,323.125946,238.1619873,1.1501523,445.921936,2669.846436,7190765,6.8251095,12.7385826,199,8232.304688,7335.027344,1034555.688,125,407,281.1952209,157.7369232,1.9056876,363774.4063,2318.953125,478.9413452,224.1823273,1.1763645,479.3964539,2993.296631,11854467,8.9432793,16.9601002,330,12711.40234,10277.06445,1243050.5,206,666,305.3464661,179.5381012,1.8352128,529055.9375,2695.311035,529.0132446,293.2218933,1.0927135,528.4065552,3344.444824,16958138,11.0800629,21.2207184,474,17934.81641,13605.10938,1508722.25,297,961,340.6323853,203.825882,1.7949795,848780.3125,3570.322754,766.9074707,219.1604919,1.1951153,597.6557617,3834.860352,23748096,13.5991402,26.2457829,669,24087.54102,19390.22852,1924500.25,407,1320,375.4234009,222.9818573,1.7985076,970657.25,3675.04541,766.9074707,219.1604919,1.1072601,647.6383057,4176.171875,29908670,14.6049652,28.2506123,837,29081.51758,24188.5918,2247084.75,484,1575,404.6026306,229.8390961,1.8910313,1058274.25,3863.158936,826.3548584,217.6395264,1.1222175,1461.530273,8669.140625,98335048,10.4093819,19.8284397,2732,108571.0547,108961.125,9446771,1462,4712,1361.984985,907.1079102,1.6565416,5539375,8738.858398,2632.146484,173.5136871,1.0970812,132
2,35.2193909,1,85.500679,1.0357964,291.4358826,59.4855347,60.3600349,20.0669575,693.2807007,11583.78516,0.8253294,1.9835314,2,40.0232277,85.500679,13902.46387,1,3,11.7426558,11.3363438,1.0358249,96.028801,75.3364716,29.1250515,286.8770447,4.7032623,22.5102177,694.5951538,32541.74609,1.8655027,4.0428414,5,262.9640198,322.9023438,14125.40527,2,6,12.9893475,12.066226,1.044683,4885.485352,321.6776428,114.053093,104.6156769,1.6854823,23.5225487,694.7838135,46466.51172,0.5593523,1.4255254,7,317.1729736,387.4671936,14179.61328,5,17,13.6291943,12.4471531,1.046876,7650.639648,366.0284729,126.5237961,101.3346024,1.3935486,305.2681274,916.8536377,328996.4375,1.0601397,1.3199124,41,1416.148804,691.8689575,92821.375,34,117,191.7853241,62.2139282,3.1168716,55127.60938,1209.539429,312.598877,116.1687088,2.11184,411.3295593,1574.387817,919457.5625,1.5926433,2.2335055,106,4013.998047,2602.423828,384293.3125,67,221,263.256012,67.7741089,4.9032397,152805.3281,1597.098267,399.2146301,117.3288269,1.3283572,473.6617737,2147.084473,1500535.625,1.7186397,2.4638007,169,6972.692871,5551.903809,698692.125,105,345,303.7264404,107.7722626,6.9964623,323925.7813,2181.337647,481.8554993,123.1217117,1.1689352,532.552124,2613.922852,2364417.25,2.2202563,3.4588795,271,11570.35742,8901.756836,1008894.188,169,551,350.8262329,157.4534454,5.5733113,497363.4375,2664.00708,554.7911377,125.1211929,1.1354997,600.3128052,3265.86377,3620415.75,2.640343,4.293107,421,16757.20898,13726.75781,1491832.75,256,832,385.8933716,180.5541992,5.4242597,658574.5625,3046.66919,614.3865356,129.7020874,1.1215943,668.9486694,3908.643555,5062398,2.8888009,4.7866807,587,20989.875,16161.97656,2040990.625,351,1139,429.4198914,202.1183319,6.3013577,841024.8125,3410.390137,744.4505615,123.3013382,1.1004986,699.1776733,4174.268555,6431645,3.18134,5.3707652,762,26610.80078,21522.67383,2291803.5,444,1445,450.6090393,215.0683899,6.5108929,1088630.625,3850.304932,751.0714722,204.421875,1.0836769,1549.666992,8356.845703,23698324,2.5086164,4.0191941,2732,108571.0547,108961.125,9446771,1462,4712,1462.766968,935.0636597,2.9859586,5539375,8738.858398,2745.233398,170.1217346,1.0970812,142
6,35.0009537,0.9999999,2.1924791,1.000183,67.5901489,18.5967159,13.6723166,68.2377319,3929.890869,195434.1563,1.6527224,1.3999436,11,361.1106262,281.7392883,132811.6719,9,31,39.804184,30.3981018,1.3023262,7142.770508,339.1118774,74.1955338,200.1731567,1.2811779,104.8614883,5752.388672,1916528.875,6.8782969,1.6691955,28,1352.214233,1625.338867,358846.2188,19,64,73.508194,54.8173714,1.3457255,42989.95313,827.3043823,234.8251495,247.22612,1.2669336,151.0240326,6380.579102,5041517,11.9669571,2.0016527,60,2355.310059,2425.072266,518103.25,37,122,100.4138489,70.4331131,1.4731857,79408.75781,1102.324341,239.1556396,324.89505,1.2177007,197.1937714,6794.032715,9522890,15.8532677,2.852649,119,4087.90625,3922.022705,666025.9375,80,261,140.2296906,96.3613052,1.4885888,148132.6406,1494.662354,327.9356689,313.6681824,1.2001225,282.7498474,7504.332031,18516146,23.3998203,4.6828012,261,7313.269043,6034.804688,990707.625,179,573,212.2405701,146.3941956,1.4924375,249076.9375,1899.841431,361.3956604,313.8311157,1.1531646,362.6333313,8280.512695,36774308,36.0748558,5.8161197,447,12052.35938,10283.87598,1415775,286,921,276.5979919,190.7240448,1.4833665,418953.9063,2522.937012,548.3746338,309.7967529,1.209029,393.1177979,8537.538086,56600912,44.3733444,6.0753903,600,17956.90625,15904.72754,1582776,360,1168,295.0115662,204.1362457,1.4790351,609033.4375,2939.616211,642.1637573,303.3142395,1.1290944,435.6777344,8807.541992,72602816,48.1983833,5.8028135,702,22677.14648,20552.66211,1788540.375,413,1338,318.915741,221.2760315,1.4733276,695338.125,3123.827393,702.2842407,292.3174133,1.1167814,500.2579041,9188.888672,86033232,48.7658539,5.1840229,809,28447.73047,25254.59766,2114222.75,470,1518,356.0525208,246.6964111,1.4712167,1073312.875,3892.297852,759.9416504,304.166687,1.1232487,580.5765991,9681.068359,97249544,47.1648636,5.1694903,981,33650.58984,29567.33398,2579278.5,567,1838,403.6758423,269.3325195,1.5184324,1188562.25,4076.407227,837.4511108,302.4003296,1.1125597,1427.369263,13897,221122720,23.4072285,3.2289989,2732,108571.0547,108961.125,9446771,1462,4712,1369.044678,856.2575073,1.6101576,5539375,8738.858398,2495.357178,175.1146088,1.0970812,56
4,10.5801888,1,0,1,189.7553558,3.494544,5.2900944,55.2840157,3354.000977,38402.25391,0.6377339,0.3453135,5,134.7742157,86.2182999,64429.21484,3,10,22.3186913,17.8766079,1.2488265,513.0595093,161.5186768,61.4433327,100.5173111,4.0463915,109.7761307,3753.395264,201382.9063,1.5055021,0.4452889,16,558.2885742,336.6568604,126861.6094,10,33,44.3721848,32.6111832,1.3121767,12193.99609,486.1545715,130.855484,163.0059509,1.5423851,204.6395874,4593.222168,955940.875,3.0717027,0.6499817,52,1736.376831,1153.833496,343746.1875,37,117,94.9023361,66.7999802,1.477551,49574.85547,952.7921753,263.3348389,170.9695892,1.4572197,240.5815125,4933.728027,2149357.25,4.0357041,1.1415327,139,3823.537109,3414.112793,460473.375,96,307,119.7262268,83.0165939,1.4879905,121285.6875,1346.227417,282.5343323,167.5647736,1.1890974,337.1261902,5738.854981,3070311.5,4.0446539,1.7800046,302,7353.449707,6104.743652,827689.75,197,636,195.0312347,126.2017136,1.6209207,199071.9063,1809.305786,399.5504456,173.8069458,1.3085916,389.8879395,6175.461914,3708422,3.6511197,1.8769059,435,10397.3457,8210.15625,1074475,277,895,244.4377594,161.0993347,1.6057792,281691.625,2076.56543,437.4136658,165.9137115,1.2181687,449.1525879,6649.025391,4072473,3.1386726,1.8358468,558,15114.03516,12860.20801,1384066.75,336,1083,293.0623169,196.1777496,1.5830326,424581.0313,2527.082275,548.3572388,307.1997375,1.1969289,477.0509644,6856.600098,4273184,2.7416859,1.5414858,631,19601.68359,17176.93555,1535732.875,370,1196,315.6788025,211.7917633,1.5761286,691081,3180.263916,658.8312378,306.0269165,1.1646287,508.6600037,7024.128906,4469193.5,2.4710867,1.3700063,707,23060.37305,20628.69141,1677995.875,423,1367,337.0265808,225.5961151,1.5750983,777664.75,3365.212402,711.2416992,299.5056763,1.1588379,588.0368042,7407.468262,4852481,2.2238915,1.299003,826,28946.17969,25535.41406,2042937.125,486,1568,386.6118774,257.0699158,1.5718843,1124828.25,4026.193359,790.8045654,303.5509033,1.1468145,1544.212402,11821.60938,11770850,1.2460183,0.9760711,2732,108571.0547,108961.125,9446771,1462,4712,1426.909302,872.5761719,1.6690477,5539375,8738.858398,2479.008057,176.2000427,1.0970812,111
5,25.5924721,1,0,1,34.8444443,12.796236,12.2173862,63.2791977,3395.271729,104683.1641,4.4343557,6.7128181,13,545.2358398,222.3002319,98105.33594,9,29,48.8246193,40.122715,1.194857,10740.52246,524.7676392,152.1855316,313.940979,2.0403223,121.5423508,4095.397705,1290301.625,14.215497,4.2085514,40,1204.832153,932.5877075,213842.1875,28,91,83.7201385,71.7656631,1.1748022,38767.83203,881.6123047,204.7054138,306.0967407,1.5954158,178.4069824,4973.782715,5491152,18.5313721,3.9411142,103,3166.878906,2927.005859,418922.9688,73,237,132.0172119,99.6670303,1.3979387,109446.2734,1339.82605,311.4411926,303.674408,1.3052268,260.8199463,6354.096191,18028400,38.7717094,6.1653485,226,6326.288086,5452.038086,879886.4375,155,493,192.8265076,147.8874054,1.3819549,221228.2344,1837.793213,398.3513794,301.5072632,1.2149066,317.5913696,7279.593262,44645556,67.1772919,6.6306858,378,11533.39453,9678.47168,1285932.875,241,775,245.9285278,190.8495789,1.3510996,459015,2605.944336,565.5385132,266.6518555,1.1773174,348.9024658,7637.964356,83516280,90.2758484,6.4791336,559,17132.22266,13839.52051,1483569.625,343,1111,269.8242798,210.9594727,1.3389037,605808.625,2923.853272,618.5651855,297.1342773,1.122964,381.2162781,7911.918945,130692344,108.9427567,5.9073443,663,21270.04492,18000.44141,1661512.375,393,1275,289.266449,226.3754578,1.3319968,763000.125,3373.753174,718.2658081,299.5304871,1.1871132,443.3403625,8356.595703,172390624,116.7464905,4.8824844,751,26398.35938,23391.21484,1995509.25,434,1407,321.4880981,247.1366272,1.3426512,999313.25,3742.704346,798.213562,231.6200256,1.1154742,506.1530762,8780.59082,212438752,122.1216125,4.3722405,868,30876.77344,26349.67188,2356834.75,501,1627,360.9571228,262.8153381,1.3974884,1166605.125,4043.574463,839.2722168,225.4161377,1.115314,558.1124878,9117.415039,251184256,123.7236328,3.9450657,990,34594.52734,29340.99414,2674399.25,567,1837,405.3085022,284.8920898,1.4308697,1444694,4461.71582,885.2958374,251.7209167,1.0965239,1344.496338,13493.77637,728828608,77.1510849,2.3610232,2732,108571.0547,108961.125,9446771,1462,4712,1372.537476,906.5828857,1.541135,5539375,8738.858398,2564.234863,175.5626068,1.0970812,96
6,52.003727,1,39.9347458,1.0132344,281.5926819,44.4533386,45.9519882,66.9957733,1922.473145,121751.2813,2.6439633,3.5447371,10,321.6051331,171.9550629,79441.45313,8,29,50.6084976,41.7715492,1.3751504,9121.691406,423.5117493,102.1495743,303.1106873,1.5647526,129.2504883,3394.678711,1081607,10.8500042,9.0981808,55,1653.151978,663.7672119,296318.9688,38,125,79.6219177,62.5730438,1.3775522,57612.22266,1045.352417,234.0928192,299.2998047,1.5093882,174.4289551,4242.583984,4191913.25,16.7405872,12.3358936,111,3846.757813,2652.303955,498470.6875,70,230,110.873436,81.8854218,1.4857233,195533.2031,1746.095825,346.5143738,119.7296371,1.2408115,232.2416077,5046.061035,10923146,25.3206348,12.4048777,187,7310.097168,6041.236816,768747.0625,122,399,157.9407654,111.3028488,1.5021868,357699.5,2258.34375,429.5466309,127.2490463,1.1346239,319.5401611,6157.318359,28025186,43.0954132,16.9648438,315,12508.49023,10748.21191,1270854.375,198,642,228.3970947,163.6152649,1.4820526,509302.9375,2677.611816,510.2221985,134.6867828,1.1202351,375.6451721,6908.688965,62383044,63.0495377,13.6603832,474,17702.13672,14332.33301,1682230.125,291,948,258.3994751,177.7406921,1.6130553,701550.375,3221.327881,589.2698975,295.5667725,1.1770668,432.8370667,7629.004883,123149160,93.7477188,12.4659138,657,22716.94727,17895.60938,2143484.25,389,1269,302.6235962,200.2098541,1.855918,968647.6875,3724.56958,768.1439209,210.8369141,1.1396631,455.7391357,7861.677246,205232592,129.7224884,11.1141701,801,27769.43359,22556.93164,2315583,460,1498,320.7817688,210.2010651,1.9131348,1104260,3882.38208,768.1439209,210.8369141,1.0862139,492.1029968,8138.349609,312969440,168.9589233,8.8699408,917,30997.05273,26567.07813,2550543.5,519,1688,352.2824402,226.2846069,1.9723092,1160282.625,3966.494141,829.9736938,209.9307556,1.0790461,532.3748169,8397.773438,442889632,207.4264984,9.1843824,999,36534.55078,30516.18164,2796708,558,1816,394.9565125,254.0864868,1.9569819,1464414,4497.046875,931.0044556,103.25737,1.098958,1305.647949,12762.64355,4858998272,514.3554688,4.4215965,2732,108571.0547,108961.125,9446771,1462,4712,1327.133545,929.2550049,1.6034997,5539375,8738.858398,2708.216309,171.7696533,1.0970812,805
5,25.6433144,1,32.2172089,1.0375681,273.5230713,28.8283119,28.9083118,77.5754318,191.6694183,19228.99609,2.1880736,1.4016985,12,204.3216095,271.5843506,12184.53516,9,30,31.672554,29.1076145,1.0975332,3840.410156,275.7675781,77.8939896,299.2184143,1.5757922,149.3826447,686.1797485,330869.4375,5.0250049,0.3842086,32,1052.866699,877.7244263,90156.65625,21,71,78.2959442,64.075676,1.2880478,34707.95313,798.8518677,182.0823822,304.6983643,1.4631661,218.7731171,1310.542603,1300851.375,6.0790491,0.3851503,79,2579.962402,1740.111084,249634.1094,51,172,107.456192,75.6833267,1.452064,85996.96875,1176.393555,284.8594971,291.6476135,1.2805964,300.7416382,2526.003174,4459609.5,8.4363546,0.3194568,142,5103.683106,4066.409668,671277.8125,85,281,141.1709442,72.526207,2.1916447,204685.4375,1854.954834,405.2324524,119.7647476,1.3377343,357.5475769,3324.092529,10397805,11.9022913,0.2553359,235,8686.957031,7167.73291,1037936,135,447,188.9143524,105.1737061,2.2396712,330804.7188,2219.576172,471.2832336,126.5622406,1.1851097,416.5571899,4126.383301,21413450,17.4599934,0.2398663,343,12242.42285,10398.00684,1481549.875,198,651,223.1692505,116.4275818,2.5254571,509450.875,2728.656982,549.2897339,125.383728,1.1630161,470.5997925,4880.344727,39216408,24.9458714,0.1410208,483,16344.17383,14235.46777,1961323.25,275,898,280.2866516,162.2785339,2.5070097,653967,3044.251953,643.489624,130.9287415,1.127705,499.6757202,5172.858887,59130344,32.8871498,0.1306921,606,21385.62109,16863.33008,2182588.75,348,1132,311.7132568,188.223175,2.4705987,943141.5625,3682.286621,771.8846436,124.5573807,1.1440591,528.5412598,5415.816406,87721528,44.3803902,0.1197813,754,25314.92969,20217.12891,2386018.25,431,1406,350.8572083,223.0842285,2.3708065,1084657.375,3847.430176,772.3553467,202.6157227,1.0860231,543.1984253,5508.354004,131599984,61.127224,0.1132349,866,29823.80078,25171.22266,2473263.25,489,1593,368.4740601,237.0403442,2.3362134,1143467.125,3935.602783,823.9522705,201.9484863,1.077926,1446.046509,9712.53125,2296548096,243.1040344,0.0741603,2732,108571.0547,108961.125,9446771,1462,4712,1425.890137,960.5551147,1.7337538,5539375,8738.858398,2776.236572,169.9501801,1.0970812,144
5,11.9991932,1,9.4261417,1.0031966,30.9440346,10.7126675,10.5667181,65.8028793,767.0116577,24582.88672,0.6221334,0.2346894,7,121.7003479,221.1636658,48273.19531,7,23,23.851387,20.4900703,1.1802335,1198.227661,137.5510864,42.8409271,226.496994,1.2565472,112.6776276,1149.514648,216520,2.6761487,0.0357272,20,345.9888306,533.7479858,106174.8125,15,48,43.5060043,36.7246323,1.1937318,4350.408691,298.4334106,81.9262695,220.4073334,1.629127,200.0956573,1849.269653,896145.25,3.9877775,0.0205003,47,997.3942871,1497.463989,280731.375,33,110,65.0273514,38.6660995,1.8513045,37200.10938,778.0786133,196.9064484,36.6443024,1.2950689,277.2044983,2578.961914,2293639.25,4.6538396,0.0391976,112,2679.455078,2709.406494,541491.9375,66,224,105.6696091,56.2642746,2.0123029,88161.83594,1181.732666,262.8867798,294.6123352,1.260515,349.6547241,3465.877197,5180315,7.3578973,0.0524549,196,5172.568359,4566.729981,938098.5,109,367,148.6490326,70.9369888,2.1610937,193367.3281,1781.364258,362.0055847,300.0662537,1.3059077,403.720459,4167.149414,11152696,12.4640865,0.0498112,275,7686.615723,6850.467285,1314882.125,151,503,174.9265442,75.5451431,2.5537477,301129.2188,2140.145996,477.6603394,117.5339127,1.2103864,441.0767517,4543.260742,18340046,16.1611958,0.0444502,340,11415.62305,10057.62793,1556831.625,184,609,209.9406433,103.9339905,2.4911518,449675.4063,2562.41919,528.2313843,123.0421906,1.1619605,496.8514709,4990.462891,24721118,17.3752594,0.0400955,431,14895.40918,13117.3291,1893931,240,785,265.8796082,149.0374908,2.4344752,603577.5625,2944.773438,633.9627686,130.0340576,1.1433017,528.8412476,5216.450195,33001942,19.0171566,0.041572,541,19219.80859,16209.14063,2084850.625,304,990,299.4779053,177.7185364,2.3381989,793532.25,3398.995117,693.4031372,123.3820648,1.1585816,569.1188965,5447.593262,45375352,21.8953609,0.0414769,677,23352.12109,18547.40234,2304593.75,387,1261,345.9711914,216.8551331,2.244009,1072072.875,3835.3125,790.8577881,123.2377014,1.091861,1573.959595,9439.481445,325004896,34.4038086,0.0347016,2732,108571.0547,108961.125,9446771,1462,4712,1462.379517,956.7351074,1.7342281,5539375,8738.858398,2776.581787,169.4104462,1.0970812,85
4,16.5803566,1,0,1,299.817749,8.2901783,7.7357283,39.8867149,126.9616547,5577.619141,3.1660295,1.2229282,14,205.4200592,258.9535522,1639.12439,10,33,32.5993118,31.2011509,1.0479709,2774.699951,242.5420227,83.2179794,84.7174759,1.6871283,165.2523651,653.8447876,146519.1719,1.950568,0.2026267,33,1001.758667,778.8192139,88124.79688,22,76,92.8150482,60.6066704,2.1218767,36930.21484,813.9680176,193.7260742,46.5349388,1.427654,223.2670898,1195.676025,525379.75,2.9136791,0.1905482,67,2556.331787,1805.900879,227105.7188,46,156,128.0969391,91.8702469,1.6938516,99864.375,1267.798096,259.8356628,285.637207,1.2807953,305.7070007,2269.635498,1741804.75,4.6557565,0.241329,140,5017.448731,3836.010498,605583.4375,84,278,171.6195068,91.3509598,2.3321872,199846.1094,1784.479248,390.3414917,118.6150131,1.2679948,351.9084167,2934.084717,4321495.5,8.1006021,0.1854595,226,8224.675781,6200.104004,900996.5,129,428,199.1960449,107.2834015,2.2786682,361962.125,2370.960449,509.4328918,118.7711105,1.2358781,415.447876,3791.860352,9612544,14.102313,0.1408742,320,11603.08398,9721.077148,1362450.875,180,594,248.2845459,138.6164246,2.2121789,494456.7813,2699.79834,590.6536255,124.3598251,1.1730714,479.5119629,4621.383301,17973634,18.8948402,0.0844179,443,15435.98535,13413.73828,1895342.625,252,823,310.2056885,187.3034973,2.1928194,623428.1875,2959.427002,667.2872314,130.3650818,1.1179411,507.524292,4913.040039,27903162,22.3653946,0.0788154,563,19854.46875,16324.66992,2113830.75,320,1043,339.5704651,212.2252197,2.1561146,832635.8125,3507.6875,726.0948486,123.9896469,1.1759175,538.9378662,5169.427734,38667632,24.6639786,0.0723491,699,23776.42188,18961.8418,2330441.75,405,1322,383.3255005,251.2440796,2.075803,1072072.875,3835.3125,823.5369873,123.7790833,1.091861,556.7927246,5288.199219,47704352,25.0731964,0.0703133,828,27970.98047,22966.69141,2441129.5,471,1533,404.682251,269.0710754,2.0423934,1106764.125,3882.722656,849.4649658,145.9642029,1.0839463,1476.302612,9434.393555,75016456,7.9409623,0.0479503,2732,108571.0547,108961.125,9446771,1462,4712,1476.498779,980.2122192,1.6748993,5539375,8738.858398,2804.887451,169.0384216,1.0970812,232
6,67.3898773,1,9.1186266,1.0021362,189.2943878,37.619503,36.6914024,53.8014603,2508.011231,168479.4844,3.0730131,4.3763242,11,297.2728882,66.0890198,68418.50781,10,33,58.1043816,54.3908119,1.0534594,6487.321289,401.0674133,121.2012482,24.4126186,1.9731472,122.6816483,3696.159668,1264157,9.0257969,7.1825128,33,1323.238648,872.1558228,243586.8438,21,70,100.1270447,83.7929459,1.2041839,46234.35938,924.8880615,225.9330597,114.7110901,1.4723248,171.6371307,4261.476074,4838832.5,19.0307388,11.1564093,86,3263.658936,2492.906494,385565.0938,62,201,131.0876312,109.0166626,1.2310687,127415.4531,1405.354004,327.8407898,328.6152649,1.233501,252.0104828,5116.483398,14275464,35.7431412,15.8500662,209,6428.384277,6001.206543,687492.875,139,455,199.2635803,153.0590363,1.3038237,178917.5625,1643.858276,348.3838806,328.043396,1.2018932,305.5886841,5759.132324,36268956,60.0548592,13.4267778,320,10054.68066,8855.910156,967650.0625,198,645,235.3883057,169.4385681,1.3844202,304627.7813,2097.800537,409.9301453,354.8839111,1.149606,339.6466675,6035.157227,67224296,77.6813202,12.5882092,450,14012.25391,12217.62793,1120503.875,286,922,248.042923,177.7518616,1.3945342,434747.2813,2498.430908,456.6608887,216.3167114,1.1425835,405.4677734,6492.306152,98041856,83.4822617,13.2757082,660,19388.98828,17808.87109,1418537.125,410,1326,290.8933105,204.9845428,1.4127645,623958.1875,2996.914551,643.4417725,7.013917,1.1454691,500.8310547,7196.118652,136796240,87.0061111,12.2179136,864,25263.73633,23025.93945,1949479.375,526,1699,385.7283936,257.0382996,1.4703412,745916.0625,3274.253906,670.1122437,2.9436069,1.1437336,589.9856567,7986.145508,182635328,86.8164749,11.8358564,1086,32487.13086,30271.08789,2619696.25,644,2077,445.8760986,295.8065186,1.4818666,1145973.5,4115.766602,877.5100708,201.3977051,1.1762971,655.8428345,8568.898438,239474560,89.9477844,11.6600895,1276,39838.26563,37501.06641,3180621.5,743,2398,490.2446289,327.2403259,1.4816242,1493559.375,4661.988281,927.7971802,5.5112205,1.1580038,1326.457275,12668.21094,838493248,88.7597733,6.2170253,2732,108571.0547,108961.125,9446771,1462,4712,1210.141235,739.9602051,1.6296005,5539375,8738.858398,2284.347412,173.8403015,1.0970812,287
4,74.2898102,1,182.3101807,2.9141233,176.2863159,127.8807373,125.7109375,45.1833763,110.4522171,3229.933106,0.6148407,0.8270981,2,165.8023376,182.3101807,4974.070313,2,6,56.8517532,49.4471321,1.8590572,1260.041138,276.4101868,130.2308044,218.3367767,4.8251801,109.0878067,156.8131561,17890.95117,1.5984987,1.7486669,8,396.6225891,781.9317627,11927.89844,6,18,86.9502411,66.894043,1.568535,5984.156738,330.090271,138.8700256,217.4305725,1.4489474,149.5042572,175.9806976,53710.92188,3.4373362,2.2736771,16,811.7694092,1268.180664,16694.96289,10,30,97.1700058,74.2661514,1.5307037,19593.14453,628.7632446,197.4900208,213.6220551,1.6056848,162.8281097,178.7728271,100669.1484,3.9289794,2.2676117,40,1747.687988,1500.075806,17739.51758,28,91,106.1581573,78.8921356,1.5459176,75094.07813,1188.828003,275.6588745,212.5971527,1.497692,292.210144,212.1699371,219070.5313,4.4507003,2.5322387,97,4022.294678,3150.960938,32601.68359,62,200,184.3291931,120.5115356,1.5934379,166465.625,1574.553711,334.5549011,248.6797485,1.1851697,452.5310669,293.9009399,540622.3125,5.1748233,2.6428254,200,7515.708008,5473.981445,78735.10938,124,406,327.2414856,198.1452179,1.6813898,305916.3125,2183.842773,491.115387,264.5481873,1.2405957,563.9158936,407.0383606,1183664.625,6.2000899,1.7519375,304,10228.97852,7575.573242,155394.9219,194,629,398.4507446,223.9048157,1.7900901,431040.5313,2536.131348,511.9475403,261.2263794,1.1874504,680.0083008,780.8009644,2460302.5,7.7421675,1.4176773,489,16000.49707,11642.65039,433519.375,306,992,512.9718628,254.3202209,2.0409851,755267.75,3243.358643,687.0325928,217.240799,1.1083556,786.5803833,1476.068359,4816365,9.230587,1.0836607,677,22521.42578,17594.16992,1033391.875,419,1349,669.286499,354.2715149,1.9643673,989868.375,3669.664063,735.4741821,166.7160187,1.0825932,837.5339966,1982.008179,8643848,10.7063999,1.1653701,944,29244.71289,24837.60742,1512265.375,585,1876,710.6425781,368.9696045,2.0180497,1179164.75,4068.307617,788.3866577,277.6731873,1.1169744,1481.59021,7311.391113,122330632,12.9494648,0.644537,2732,108571.0547,108961.125,9446771,1462,4712,1356.352417,738.0282593,1.9253705,5539375,8738.858398,2006.766846,175.7271729,1.0970812,164
4,78.6385574,1,168.5728455,1.3067988,13.4159479,121.4931488,122.6184006,46.4461632,60.3325806,2100.045166,0.5173584,1.2319607,1.9999999,87.5773163,168.5728455,2627.319336,3,9,28.0067635,21.482708,1.3048342,878.0858154,138.3851929,44.8989563,18.836071,1.7355311,137.0200653,132.4601593,15919.56738,1.418027,2.0647829,9,457.434845,845.7746582,13752.26563,5,15,85.4299774,53.7281075,1.7135311,9407.848633,404.4602356,114.9905319,41.3286057,1.3837303,144.3066101,135.7486267,18702.35742,1.2504476,1.5609546,10,486.0489197,1018.018982,14610.68848,6,18,88.9380569,54.4701805,1.7413603,10119.53711,406.5748596,114.9905319,41.3286057,1.2999017,166.1935425,142.0784912,28933.69727,1.5622993,1.6057183,14,764.6134033,1264.092041,16647.80664,8,24,97.3654785,60.1084023,1.7409725,16963.54883,560.2313843,175.0526276,49.3137779,1.4723407,220.1619415,150.3720551,44984.05859,1.5494891,1.6462369,26,1038.469238,1586.81897,20438.65039,19,61,119.0529327,72.2675934,1.7496899,30698.92773,784.9085693,196.8190155,48.1567001,1.5970005,291.0107117,159.4506989,92395.82031,1.4044058,1.4937116,63,3024.858398,2536.724121,25614.21484,42,137,174.2963104,83.5355377,2.106319,126035.9531,1395.051758,364.4059448,75.1259689,1.2287862,450.6827393,189.5263977,200171.0469,1.2268677,1.2764018,143,5028.899902,3679.908936,45354.66016,100,327,301.6903687,117.446312,2.5148563,187543.9219,1689.912231,369.5031433,77.059021,1.2117567,599.3555908,251.2843475,341127.4375,1.021853,0.9475067,245,8637.655273,6328.412598,91351.78125,156,504,418.8666687,164.4829254,2.5610116,391758.1875,2436.811768,438.026947,129.3117218,1.2061908,795.8299561,534.1176147,643201.125,0.8821949,0.7166487,396,13145.54004,9794.498047,336907.3125,251,817,579.4446411,266.8493042,2.3143766,547376.125,2812.830566,563.6408691,279.7372131,1.1502479,863.6682129,796.7515869,967811.5,0.8268932,0.6398242,567,19063.75781,14239.32031,587430.5625,360,1165,666.7440796,312.1508484,2.2481933,795836.25,3346.147217,627.2991943,121.3546982,1.1195835,1630.798096,6482.192383,7950089,0.8415669,0.6822666,2732,108571.0547,108961.125,9446771,1462,4712,1449.862549,691.6582642,2.2181933,5539375,8738.858398,1939.137817,173.2913361,1.0970812,26
2,63.0855103,1,17.379282,1.0042218,195.0765076,40.2323952,38.1111946,73.9812469,86.4105759,3245.630127,0.5049064,0.0242854,7,137.6428528,17.959362,6115.126953,7,24,44.8691025,36.602169,1.225175,1884.266602,211.9647064,69.7554703,16.0949173,1.8974699,136.9604645,1189.783936,76047.46094,0.5087903,0.0181694,29,1007.477539,865.9435425,150324.8906,22,72,101.6695251,86.4805222,1.3253137,34016.625,767.1613159,228.3907166,89.7091522,1.3768046,198.035141,1818.543335,157682.7969,0.5184843,0.0372542,83,2989.721924,2664.959717,309812.125,60,194,149.680191,126.5006409,1.3033457,124863.3125,1401.892822,402.3326111,338.5406799,1.2525207,267.5901794,2500.794678,282700.625,0.5233533,0.0468671,199,5753.09082,5393.353027,551816.1875,133,435,206.7579651,165.539093,1.3773474,170660.5313,1624.26062,422.0436707,337.5931702,1.2301794,337.1862183,3261.851563,456641.8438,0.5208263,0.0417518,315,9797.797852,8388.188477,892596.375,195,636,256.9830933,201.5905151,1.3827865,314016.3125,2109.854981,502.9916382,358.487793,1.1280884,381.437439,3718.804688,584719.25,0.5197854,0.0396485,451,14335.09961,12277.26465,1139524.875,290,936,283.8754272,213.9863434,1.4324136,453103.1563,2525.754639,535.7220459,355.7158813,1.1204058,423.3803101,4063.235596,701905.8125,0.520637,0.0413391,668,19656.25586,17571.35352,1359627.125,411,1329,309.5504456,225.1326599,1.464548,633349.875,3014.514648,740.3084106,7.9013181,1.1417769,528.9248047,4912.668457,1028461,0.5189661,0.0379765,878,26319.88477,23566.54688,1998665.625,530,1715,419.3600159,286.6329346,1.5019436,929576.875,3766.660645,780.8759155,202.3507996,1.2145567,608.4874878,5713.856934,1373488.125,0.518268,0.036569,1102,33070.28516,31235.12891,2673984.25,658,2122,470.4085999,309.7668152,1.5428553,1154851.375,4120.723145,806.9641724,5.3146372,1.1700675,678.9037476,6406.6875,1713230.375,0.5182568,0.0365401,1304,40342.65234,38454.78516,3339795.25,753,2430,516.1449585,332.0950623,1.5705193,1524507.375,4709.446289,1024.398926,6.2943149,1.1577114,1318.149902,10390.64648,4814011.5,0.5095933,0.019196,2732,108571.0547,108961.125,9446771,1462,4712,1208.696167,697.9500732,1.7359337,5539375,8738.858398,2192.81543,172.9714966,1.0970812,250
2,7.6400976,1,0,1,105.6999054,3.8200488,2.8316488,56.8113251,2808.730225,25524.80273,0.5639706,0.2017669,6,119.2016983,60.1509247,40567.39063,6,19,33.9646339,32.2732124,1.0728023,998.6804199,190.5243835,87.7611389,311.5140076,2.8924425,123.213089,3891.363281,122451.8359,0.6098683,0.2355412,28,682.9450073,280.9303589,189497.6719,19,61,68.5962601,53.0101509,1.3446351,17226.70313,584.80896,189.5018463,305.6386719,1.5798506,193.1640625,4987.225586,303612.3125,0.7488065,0.5042244,71,1777.06897,1330.714844,452986.3438,46,153,101.9373856,70.9982834,1.5161119,63754.42969,1148.231079,309.1282959,306.1850891,1.6456534,216.178009,5165.739746,395226,0.8815938,0.7689536,124,4876.807617,3498.46582,519411.9063,77,253,117.1278305,82.2034988,1.5001577,241679.9531,1953.0177,408.7076721,296.7987366,1.2559197,303.6402283,5853.913086,618341.6875,0.9699892,0.9435927,188,7896.198242,6588.444824,828625.6875,117,385,181.0240326,109.4893875,1.6707182,375397.8438,2329.214844,508.5294189,300.2494812,1.150052,403.8801575,6812.614258,1008192.313,0.9825237,0.967244,303,12070.80762,10804.18848,1363492.5,190,618,251.2129059,148.3190155,1.745648,481823.0313,2643.492676,524.9928589,299.4848328,1.1541408,462.6130981,7485.418457,1421931.375,1.0417385,1.0851429,476,17388.73438,14547.53809,1797887.375,282,916,288.0098877,159.4388275,2.0143893,640920.875,2988.180176,604.2964478,297.6436157,1.1086624,507.4076233,7941.806641,1772454.875,1.0321257,1.0656526,633,22176.72852,17381.78125,2137298.25,367,1193,333.3710938,187.052063,2.0626349,968647.6875,3724.56958,747.8699951,212.1086578,1.1396631,541.5189819,8225.564453,2072015.5,1.0607144,1.1226888,794,27102.11914,21911.43164,2377029.25,457,1486,358.7816772,199.5053406,2.1311615,1100162.375,3870.721924,755.5488281,241.3236084,1.0837204,562.9814453,8362.513672,2256316.25,1.0068523,1.014899,899,30673.45313,25725.05078,2507534.5,507,1650,376.1965332,207.5509033,2.1553776,1159402.25,3966.0271,809.4193115,211.0826874,1.0796112,1417.839966,12651.26465,7790182,0.8246396,0.6495963,2732,108571.0547,108961.125,9446771,1462,4712,1388.822388,910.0452271,1.7219726,5539375,8738.858398,2681.875,171.7695007,1.0970812,104
4,3.8112342,1,0,1,13.2929564,1.8631672,1.9056171,68.0956039,1224.697022,124022.3516,1.7545916,0.0567878,15,445.90271,138.9612274,80758.41406,11,36,36.3195763,31.9027901,1.1784282,14165.3916,504.1216431,148.2165833,95.3891296,1.4276844,112.3327255,1810.015259,1170641.625,8.0977716,0.0287975,39,1379.863037,1152.321777,168217.9219,30,98,72.2260132,64.6949158,1.1700668,42612.60156,842.2058105,224.5135498,99.5525818,1.3246115,190.6528473,2666.563232,4526225.5,19.1129379,0.0059757,106,3873.766357,3897.255127,381277.75,71,229,128.6702881,111.439415,1.1923896,138992.3125,1491.616943,370.5430298,335.3088684,1.2738372,261.9970398,3455.634033,14100659,37.7156372,0.0033908,237,6463.416016,5821.15625,662881.75,155,506,183.6932373,150.6177826,1.2616581,205023.8594,1736.882813,394.5036316,315.146698,1.1709188,320.1000061,4112.021973,31228978,54.8383026,0.0027787,344,10877.13086,9726.975586,957530.8125,217,706,228.91716,181.3176575,1.2859963,320614.5,2124.012695,465.4792175,357.4503784,1.1197504,372.1570129,4637.846191,56264552,65.5762482,0.0026577,510,16001.875,14243.12988,1243716.25,313,1010,257.2476807,201.1025848,1.2973146,506765.0313,2648.950684,535.2775879,358.1735535,1.1018722,420.2544556,5005.094238,92981248,80.3086395,0.0026961,716,20982.82227,18397.2168,1487661.5,445,1438,298.9213257,226.1564941,1.3220946,659084.6875,3060.73291,701.7567749,7.7292686,1.1310968,528.9112549,5969.347168,143215504,94.0169525,0.0023183,922,27122.24219,24462.40234,2211865,559,1807,397.9199829,281.9308777,1.3831925,953911.8125,3806.831299,819.0202637,201.8171997,1.2089523,589.8998413,6601.245117,203084688,102.8674469,0.0022291,1150,34242.75,32215.57227,2744279.75,685,2209,437.8540344,304.683136,1.4083084,1216573.375,4224.018066,819.0202637,201.8171997,1.1670873,676.6011353,7489.682617,275627648,114.7759705,0.0021881,1364,41778.03125,40473.23047,3593618.75,795,2566,494.6321716,339.5064392,1.4316289,1555152.125,4750.766113,985.8713989,6.1088223,1.1549004,1293.227417,11286.79785,1130619264,119.6831436,0.0011022,2732,108571.0547,108961.125,9446771,1462,4712,1170.199219,712.7647705,1.6151173,5539375,8738.858398,2229.753906,173.2801056,1.0970812,429
4,13.0984221,1,0,1,105.5302811,6.549211,6.0942616,48.5426216,2786.567871,57893.57031,1.4696831,1.0216547,7,75.4003143,273.3078308,28124.31641,6,18,14.7609673,12.7087164,1.1972218,518.6472168,117.1026154,40.2054405,288.5073547,2.1040268,106.2769318,3787.709473,504745.9688,3.6081083,0.7177759,18,282.7245789,1208.03833,144456.1875,13,40,33.8484764,27.1744022,1.4769026,2923.169922,238.1571655,77.5136642,299.1109619,1.5440573,177.1652985,4390.966309,1384246.125,5.4420924,0.8337333,39,1046.96875,2014.883179,291689.1875,24,78,64.9019165,46.295372,1.4973468,24139.4668,608.6297607,166.4845276,336.8305664,1.2211494,237.9639893,4789.087402,3340546.5,9.3667259,0.9402213,70,2809.427979,3748.256836,434576.6875,44,145,119.4701843,82.8584137,1.5291439,107121.4609,1336.012695,428.8322144,329.4737549,1.3259734,293.7789917,5122.453125,6713559.5,13.3148804,1.5151813,161,4866.351074,5595.378906,585493.0625,110,353,164.7449341,108.3004227,1.5601937,148703.0156,1545.230591,449.3502808,328.9916077,1.2777826,369.3187866,5569.688477,13249661,18.8652897,1.7436732,284,8897.605469,8249.176758,830692.5625,172,558,234.1587524,154.9642944,1.5697459,277837.6563,2032.985596,492.5691223,347.221283,1.1837709,441.0607605,6000.379395,24681834,25.1432953,1.6953375,403,12935.8584,11466.09668,1111583.625,252,815,289.1987915,193.0918427,1.5555694,410757.625,2457.155762,540.6920166,348.1980896,1.1696876,484.9858093,6250.040527,42989300,32.709919,1.8044643,577,17498.25977,15741.7334,1297839.25,358,1156,313.9253235,209.9924469,1.5504304,543097.75,2731.696045,587.2427979,334.6921387,1.0933945,586.6056519,6794.864258,63901096,37.0973434,1.9427916,805,23567.29883,21099.65039,1769430.625,494,1594,407.4544678,266.7358093,1.565035,733928.625,3247.273682,752.1541138,0.1469838,1.1433365,685.0194702,7483.419922,93143848,42.9437256,2.0254872,1014,30451.30469,28572.67383,2423877.75,599,1933,484.6842957,317.1843262,1.5561761,1106907.25,4060.841797,814.8500366,206.8049774,1.1855259,1448.13794,11964.24902,563214528,59.6197891,1.4129446,2732,108571.0547,108961.125,9446771,1462,4712,1246.253418,734.2558594,1.6911628,5539375,8738.858398,2190.369629,174.8172455,1.0970812,680
2,26.043684,1,0,1,273.8861694,13.021842,13.0203905,78.0842133,646.4658813,19639.44531,0.6349138,0.3142156,9,248.6173706,173.2170258,31292.16211,7,22,77.9360962,71.3927612,1.1893576,3895.608154,307.1300964,127.8157425,293.4503479,1.9269021,128.2961578,989.9719849,56476.41797,0.6873122,0.3913412,30,813.3118286,557.463562,83089.41406,20,64,108.0527191,77.2287598,1.4963747,21028.25781,575.8900146,166.1381073,226.64534,1.2550642,193.9392548,1288.140381,108747.5625,0.7858188,0.5802892,55,1676.377441,2541.475098,160546.2813,35,111,138.1369629,102.2048874,1.4308208,33960.08203,764.6345215,200.578186,197.997757,1.3700272,200.4798279,1315.568115,128234.6719,0.8873644,0.7829328,84,2737.630859,3794.712891,169309.8281,52,165,141.1589203,102.7369995,1.4828887,66599.75,1037.547607,283.8014221,167.781662,1.2862743,202.4828186,1318.640381,145590.3594,0.9656463,0.9394303,116,4053.25708,5499.203125,170685.2813,70,220,142.8022766,103.2127762,1.4930005,79595.77344,1155.959229,317.9320984,176.8932953,1.3359345,213.1125946,1328.77124,162402.2188,1.0169983,1.0418806,143,5794.688965,6569.378906,176181.8125,86,270,152.0226593,105.3450165,1.5294123,129111.4766,1519.972412,329.6011353,304.0543518,1.4239565,216.8130951,1331.199341,175156.0938,1.0241685,1.0561523,167,7342.251465,7368.98291,177729.375,104,328,155.9753418,107.2956009,1.5334775,270355.6563,2025.588013,445.7602844,193.2315216,1.2076941,226.3119354,1335.549561,195529.9688,1.0141039,1.0358829,199,10587.09961,8998.3125,180974.2344,122,383,166.529953,112.5062714,1.5439184,655768,3229.291992,692.7526245,87.2723999,1.2654779,240.6319427,1340.448853,222631.2656,0.995726,0.9989531,246,14045.53906,10691.48242,185172.9688,152,477,180.5412292,118.7879028,1.5612719,905134.0625,3594.156006,692.7526245,87.2723999,1.1357194,290.3786316,1355.048462,268647.8125,0.954782,0.9165413,320,16633.3457,12405.08496,199074.9688,198,631,232.5315094,147.7591553,1.5742095,1030832.5,3888.011719,802.7463379,297.0211792,1.1669632,1869.70044,6476.221191,6145718,0.6505628,0.3012727,2732,108571.0547,108961.125,9446771,1462,4712,1867.699707,922.765625,2.0079875,5539375,8738.858398,1674.538086,326.9625854,1.0970812,55
4,6.4770904,1,0,1,284.2669678,2.1680949,3.2385452,65.5847015,4732.651856,102039.0547,3.4631808,0.0019416,12,235.7996521,96.7008972,91239.77344,11,35,45.2431946,41.6709785,1.1051177,4450.73877,275.6376038,79.1923981,266.045166,1.3584228,140.8484192,6516.136719,889994.125,3.961194,0.001118,43,1013.277344,752.5325317,377532.125,30,95,77.8795624,65.6884155,1.2348951,18987.53906,557.9775391,137.5687866,269.0227356,1.3048329,157.3183899,6910.291016,2629455,8.0588312,0.001595,67,2530.45459,1837.65332,466027.6875,40,129,84.5689468,68.3029861,1.3142638,114616.7109,1462.7771,393.3536377,251.3906555,1.4855883,207.1958618,7300.393066,4943141.5,10.7527227,0.0017596,122,4520.258789,3546.441406,609221.9375,73,238,128.709259,92.5158463,1.386264,231695.8125,1948.057007,393.3536377,251.3906555,1.3033926,279.0187073,7919.388672,8413292,12.3805304,0.0020686,198,7819.78125,6770.900879,880450,123,403,162.4287109,110.2507706,1.4681336,363560.2813,2277.441895,430.276825,293.964325,1.135294,375.6721497,8839.973633,13940534,15.3824434,0.0028168,340,12745.71875,11159.4873,1381395.625,214,694,241.2845459,154.7640228,1.6770459,508886.25,2681.573486,506.0620728,301.1186523,1.1244725,452.8020325,9666.943359,21054206,17.825655,0.00322,519,18501.33008,15147.0459,1918688.125,315,1025,274.4526672,165.5913086,1.8859407,708122.25,3185.226074,593.4628296,23.2256222,1.1401511,490.7704773,10057.76465,29476212,19.7095833,0.003397,688,23576.86719,18899.125,2208443.25,402,1310,311.9290466,193.3292694,1.8716873,994042.375,3748.920654,740.1314087,211.9315796,1.1251171,517.5529175,10281.15039,36311252,20.6065521,0.0033688,837,28429.4082,23419.76758,2394775.5,474,1545,327.0280457,199.7423706,1.9358577,1048005.625,3844.864502,789.6486816,210.6388092,1.1225058,554.0183716,10511.59082,41419380,19.4379463,0.0030912,934,32112.60742,27424.13086,2614037.25,523,1700,362.4969788,220.0635376,1.949231,1297743,4301.499023,900.1925659,103.944931,1.1345956,1381.116333,14808.2002,134487872,14.2363844,0.0018732,2732,108571.0547,108961.125,9446771,1462,4712,1340.163696,904.5604858,1.6389393,5539375,8738.858398,2677.458008,171.6248322,1.0970812,167
4,8.6254473,1,0,1,214.957901,4.3127236,4.2914233,64.8097382,5212.175781,196520.8438,1.6481383,0.2750874,13,278.6051636,218.3179779,194086.9063,10,31,38.3208542,33.6368027,1.1546439,4356.86377,278.2457275,74.9064178,228.6095886,1.4140774,99.3266907,6254.039551,754172.0625,2.1096497,0.2014973,28,603.124939,472.8320312,338365.5625,17,53,52.0217705,41.4285889,1.3194071,7840.846191,387.1368408,92.5309982,103.5578766,1.5210946,145.3471527,6893.391113,1175019.125,2.4749348,0.3090786,54,1265.191284,1139.448853,493004.3125,34,109,67.6600494,46.8892517,1.5915619,25449.63867,669.1889038,155.0743713,99.227272,1.4002513,186.7746429,7234.347656,1848010,3.0109289,0.3957704,89,2739.674316,2462.950195,613605.6875,54,177,82.576828,51.7242432,1.6816851,103859.2969,1349.773193,344.0254211,116.7043228,1.3959386,281.7436523,7869.816406,3218793.5,3.6514225,0.4978967,156,6219.528809,5832.280273,914851.8125,94,309,146.9409027,84.9954681,2.0633261,283393.75,2070.829102,419.1748352,124.8543167,1.2041715,359.0126343,8494.782227,5827372.5,5.0565195,0.6615558,264,8971.12793,7747.501465,1264627.875,166,549,188.0394287,91.9319916,3.8276622,383215.25,2339.803467,497.4440002,123.8213959,1.1368577,447.4013367,9391.413086,10418275,7.5298653,0.9020315,426,14125.31836,13122.82813,1839165.25,250,818,256.0196533,139.1111755,3.6743345,521428.0625,2724.766602,576.6123047,132.9201965,1.1330638,486.4086914,9747.944336,14450349,9.1063757,1.0521313,579,19619.24023,15849.88672,2107561,345,1123,286.3359375,159.3109283,3.8920929,784782.875,3303.035156,636.5437622,131.5256653,1.106285,526.8253174,10069.16992,18972712,10.3571987,1.1172477,739,24276.09961,19461.19336,2377801.25,424,1383,324.8872986,189.6194611,3.804105,995827.875,3749.674805,749.1294556,206.2693939,1.1235517,541.62323,10162.30566,22885330,10.9843798,1.1165872,860,29607.63281,24741.7207,2465508,481,1567,341.8307495,203.0867462,3.7196586,1143392.875,3935.595215,800.0599976,205.3482513,1.077992,1451.166138,14355.48926,88121896,9.3282557,0.7333753,2732,108571.0547,108961.125,9446771,1462,4712,1386.355469,926.7720337,2.1023965,5539375,8738.858398,2729.798584,170.5134888,1.0970812,192
3,3.2909329,1,0,1,238.0146179,1.6454664,1.5055166,46.2134743,130.3132935,277.1112976,1.1368887,1.6357992,6,181.3803711,178.4174805,244.4658813,4,14,30.1419964,26.1720886,1.1554339,2724.046143,224.9792633,91.4274673,265.4593811,1.4786339,168.901886,161.7134705,3460.707275,0.673775,0.3631248,20,854.6420288,704.2068481,5682.387695,16,50,81.9474106,64.2611542,1.2754359,30758.45117,749.4622803,211.7760162,119.3817215,1.4531994,247.256485,255.0256195,17404.89844,0.6132212,0.2293744,71,2451.661865,1659.106201,30185.57227,52,171,122.8428802,92.9486008,1.3376741,104819.4844,1347.277832,322.9972534,101.8057556,1.378042,339.336792,962.6480103,144231,0.536028,0.0723753,169,6284.578613,4250.444336,277067.375,114,370,193.8955536,129.3358459,1.6702917,218992.375,1820.31604,425.1080627,107.374527,1.2040783,392.7175903,1585.483276,287422.9375,0.53488,0.0699198,319,10634.46191,8203.474609,553693.9375,209,677,240.6105499,166.5279846,1.5984585,394839.9063,2355.514648,435.9371948,108.4141388,1.1182547,464.7763367,2386.15625,515670.375,0.532351,0.0647907,523,16792.85547,13372.9502,996648,328,1071,298.0923767,208.7205811,1.5598401,673044.75,3092.859863,748.0487061,202.3910217,1.1310107,549.4863281,3728.689697,956803,0.5295298,0.0591072,765,22980.93945,20680.8457,1863182,464,1504,359.8541565,249.2209167,1.565396,846282.25,3445.757324,748.0487061,202.3910217,1.1164629,607.7770386,4685.889648,1326633.5,0.5266571,0.0533484,990,29649.00195,29090.03125,2587576.5,586,1895,411.5973206,285.0576477,1.5374981,1094222.875,3902.242432,795.3201904,190.9243011,1.1074212,669.9574585,5741.157715,1784385.5,0.5225983,0.0452221,1298,36631.10547,37730.78516,3483101.25,765,2457,449.2961426,303.1850891,1.5537641,1363379.5,4448.45752,803.5568237,132.8358459,1.1550274,725.4889526,6673.550781,2234611.25,0.5231781,0.0463765,1592,43487.21484,46547.01563,4363706,908,2906,495.0604553,318.7624817,1.6178652,1528762.625,4691.702637,911.135498,160.7877045,1.1458058,1232.173584,9850.178711,4814011.5,0.5095933,0.019196,2732,108571.0547,108961.125,9446771,1462,4712,1138.646484,684.5174561,1.6748315,5539375,8738.858398,2164.015137,172.5574493,1.0970812,259
